[{"Name":"h1","Cluster":"home-storage","IPAddresses":[{"Type":"InternalIP","IP":"192.168.1.11"},{"Type":"CiliumInternalIP","IP":"10.10.0.104"}],"IPv4AllocCIDR":{"IP":"10.10.0.0","Mask":"////AA=="},"IPv4SecondaryAllocCIDRs":null,"IPv6AllocCIDR":null,"IPv6SecondaryAllocCIDRs":null,"IPv4HealthIP":"10.10.0.73","IPv6HealthIP":"","IPv4IngressIP":"","IPv6IngressIP":"","ClusterID":1,"Source":"local","EncryptionKey":0,"Labels":{"p2p.k3s.cattle.io/enabled":"true","plan.upgrade.cattle.io/controllers":"a3f533021e792ff6d664f5d8e5c5b2e0bb1680ccdb03404f2c544f68","node-role.kubernetes.io/etcd":"true","openebs.io/nodeid":"h1","kubernetes.io/os":"linux","kubernetes.io/arch":"amd64","node-role.kubernetes.io/master":"true","openebs.io/nodename":"h1","beta.kubernetes.io/arch":"amd64","kubernetes.io/hostname":"h1","node-role.kubernetes.io/control-plane":"true","beta.kubernetes.io/os":"linux"},"Annotations":{},"NodeIdentity":1,"WireguardPubKey":"","BootID":"80ca5c9f-8a46-4c6f-bd46-9ed72d5ac93d"}]
