{"ID":3931,"ContainerName":"","dockerID":"8868a653985a556fdb7e8bbd039cee1171bc4577ba0568a2eaad8b9907fef51f","DockerNetworkID":"","DockerEndpointID":"","IfName":"lxcf228d89e07e3","IfIndex":13,"ContainerIfName":"eth0","DisableLegacyIdentifiers":false,"OpLabels":{"Custom":{},"OrchestrationIdentity":{"app.kubernetes.io/component":{"key":"app.kubernetes.io/component","value":"minio","source":"k8s"},"app.kubernetes.io/instance":{"key":"app.kubernetes.io/instance","value":"minio","source":"k8s"},"app.kubernetes.io/name":{"key":"app.kubernetes.io/name","value":"minio","source":"k8s"},"io.cilium.k8s.namespace.labels.kubernetes.io/metadata.name":{"key":"io.cilium.k8s.namespace.labels.kubernetes.io/metadata.name","value":"storage","source":"k8s"},"io.cilium.k8s.namespace.labels.kustomize.toolkit.fluxcd.io/name":{"key":"io.cilium.k8s.namespace.labels.kustomize.toolkit.fluxcd.io/name","value":"cluster-apps","source":"k8s"},"io.cilium.k8s.namespace.labels.kustomize.toolkit.fluxcd.io/namespace":{"key":"io.cilium.k8s.namespace.labels.kustomize.toolkit.fluxcd.io/namespace","value":"flux-system","source":"k8s"},"io.cilium.k8s.namespace.labels.kustomize.toolkit.fluxcd.io/prune":{"key":"io.cilium.k8s.namespace.labels.kustomize.toolkit.fluxcd.io/prune","value":"disabled","source":"k8s"},"io.cilium.k8s.policy.cluster":{"key":"io.cilium.k8s.policy.cluster","value":"home-storage","source":"k8s"},"io.cilium.k8s.policy.serviceaccount":{"key":"io.cilium.k8s.policy.serviceaccount","value":"default","source":"k8s"},"io.kubernetes.pod.namespace":{"key":"io.kubernetes.pod.namespace","value":"storage","source":"k8s"}},"Disabled":{},"OrchestrationInfo":{"apps.kubernetes.io/pod-index":{"key":"apps.kubernetes.io/pod-index","value":"0","source":"k8s"},"controller-revision-hash":{"key":"controller-revision-hash","value":"minio-57bdc648dd","source":"k8s"},"statefulset.kubernetes.io/pod-name":{"key":"statefulset.kubernetes.io/pod-name","value":"minio-0","source":"k8s"}}},"LXCMAC":"6a:be:93:2f:5a:9a","IPv6":"","IPv6IPAMPool":"","IPv4":"10.10.0.103","IPv4IPAMPool":"default","NodeMAC":"12:45:0d:33:80:cf","SecLabel":{"id":76802,"labels":{"app.kubernetes.io/component":{"key":"app.kubernetes.io/component","value":"minio","source":"k8s"},"app.kubernetes.io/instance":{"key":"app.kubernetes.io/instance","value":"minio","source":"k8s"},"app.kubernetes.io/name":{"key":"app.kubernetes.io/name","value":"minio","source":"k8s"},"io.cilium.k8s.namespace.labels.kubernetes.io/metadata.name":{"key":"io.cilium.k8s.namespace.labels.kubernetes.io/metadata.name","value":"storage","source":"k8s"},"io.cilium.k8s.namespace.labels.kustomize.toolkit.fluxcd.io/name":{"key":"io.cilium.k8s.namespace.labels.kustomize.toolkit.fluxcd.io/name","value":"cluster-apps","source":"k8s"},"io.cilium.k8s.namespace.labels.kustomize.toolkit.fluxcd.io/namespace":{"key":"io.cilium.k8s.namespace.labels.kustomize.toolkit.fluxcd.io/namespace","value":"flux-system","source":"k8s"},"io.cilium.k8s.namespace.labels.kustomize.toolkit.fluxcd.io/prune":{"key":"io.cilium.k8s.namespace.labels.kustomize.toolkit.fluxcd.io/prune","value":"disabled","source":"k8s"},"io.cilium.k8s.policy.cluster":{"key":"io.cilium.k8s.policy.cluster","value":"home-storage","source":"k8s"},"io.cilium.k8s.policy.serviceaccount":{"key":"io.cilium.k8s.policy.serviceaccount","value":"default","source":"k8s"},"io.kubernetes.pod.namespace":{"key":"io.kubernetes.pod.namespace","value":"storage","source":"k8s"}}},"Options":{"map":{"ConntrackAccounting":0,"ConntrackLocal":0,"Debug":0,"DebugLB":0,"DebugPolicy":0,"DropNotification":1,"MonitorAggregationLevel":3,"PolicyAccounting":1,"PolicyAuditMode":0,"PolicyVerdictNotification":1,"SourceIPVerification":1,"TraceNotification":1}},"DNSRules":{},"DNSRulesV2":{},"DNSHistory":[],"DNSZombies":{},"K8sPodName":"minio-0","K8sNamespace":"storage","K8sUID":"628e0335-1027-4ece-8433-6248f6318050","DatapathConfiguration":{"install-endpoint-route":true,"require-egress-prog":true,"require-routing":false},"CiliumEndpointUID":"ff7fc5d9-ff0b-4f63-90f4-e8344c751858","Properties":{},"NetnsCookie":0}