{"ID":1840,"ContainerName":"","dockerID":"824a680dfc1443e0f07765382da95f9eb0d82a47fbef411d4fd9082a83f4cd5f","DockerNetworkID":"","DockerEndpointID":"","IfName":"lxc503b32a2c6a7","IfIndex":21,"ContainerIfName":"eth0","DisableLegacyIdentifiers":false,"OpLabels":{"Custom":{},"OrchestrationIdentity":{"app":{"key":"app","value":"reloader","source":"k8s"},"app.kubernetes.io/managed-by":{"key":"app.kubernetes.io/managed-by","value":"Helm","source":"k8s"},"chart":{"key":"chart","value":"reloader-1.0.119","source":"k8s"},"group":{"key":"group","value":"com.stakater.platform","source":"k8s"},"heritage":{"key":"heritage","value":"Helm","source":"k8s"},"io.cilium.k8s.namespace.labels.kubernetes.io/metadata.name":{"key":"io.cilium.k8s.namespace.labels.kubernetes.io/metadata.name","value":"kube-system","source":"k8s"},"io.cilium.k8s.namespace.labels.kustomize.toolkit.fluxcd.io/name":{"key":"io.cilium.k8s.namespace.labels.kustomize.toolkit.fluxcd.io/name","value":"cluster-apps","source":"k8s"},"io.cilium.k8s.namespace.labels.kustomize.toolkit.fluxcd.io/namespace":{"key":"io.cilium.k8s.namespace.labels.kustomize.toolkit.fluxcd.io/namespace","value":"flux-system","source":"k8s"},"io.cilium.k8s.namespace.labels.kustomize.toolkit.fluxcd.io/prune":{"key":"io.cilium.k8s.namespace.labels.kustomize.toolkit.fluxcd.io/prune","value":"disabled","source":"k8s"},"io.cilium.k8s.policy.cluster":{"key":"io.cilium.k8s.policy.cluster","value":"home-storage","source":"k8s"},"io.cilium.k8s.policy.serviceaccount":{"key":"io.cilium.k8s.policy.serviceaccount","value":"reloader","source":"k8s"},"io.kubernetes.pod.namespace":{"key":"io.kubernetes.pod.namespace","value":"kube-system","source":"k8s"},"provider":{"key":"provider","value":"stakater","source":"k8s"},"release":{"key":"release","value":"reloader","source":"k8s"},"version":{"key":"version","value":"v1.0.119","source":"k8s"}},"Disabled":{},"OrchestrationInfo":{"pod-template-hash":{"key":"pod-template-hash","value":"7fb44dcc5f","source":"k8s"}}},"LXCMAC":"de:c6:a8:3d:08:40","IPv6":"","IPv6IPAMPool":"","IPv4":"10.10.0.234","IPv4IPAMPool":"default","NodeMAC":"0e:5f:8b:18:78:02","SecLabel":{"id":87680,"labels":{"app":{"key":"app","value":"reloader","source":"k8s"},"app.kubernetes.io/managed-by":{"key":"app.kubernetes.io/managed-by","value":"Helm","source":"k8s"},"chart":{"key":"chart","value":"reloader-1.0.119","source":"k8s"},"group":{"key":"group","value":"com.stakater.platform","source":"k8s"},"heritage":{"key":"heritage","value":"Helm","source":"k8s"},"io.cilium.k8s.namespace.labels.kubernetes.io/metadata.name":{"key":"io.cilium.k8s.namespace.labels.kubernetes.io/metadata.name","value":"kube-system","source":"k8s"},"io.cilium.k8s.namespace.labels.kustomize.toolkit.fluxcd.io/name":{"key":"io.cilium.k8s.namespace.labels.kustomize.toolkit.fluxcd.io/name","value":"cluster-apps","source":"k8s"},"io.cilium.k8s.namespace.labels.kustomize.toolkit.fluxcd.io/namespace":{"key":"io.cilium.k8s.namespace.labels.kustomize.toolkit.fluxcd.io/namespace","value":"flux-system","source":"k8s"},"io.cilium.k8s.namespace.labels.kustomize.toolkit.fluxcd.io/prune":{"key":"io.cilium.k8s.namespace.labels.kustomize.toolkit.fluxcd.io/prune","value":"disabled","source":"k8s"},"io.cilium.k8s.policy.cluster":{"key":"io.cilium.k8s.policy.cluster","value":"home-storage","source":"k8s"},"io.cilium.k8s.policy.serviceaccount":{"key":"io.cilium.k8s.policy.serviceaccount","value":"reloader","source":"k8s"},"io.kubernetes.pod.namespace":{"key":"io.kubernetes.pod.namespace","value":"kube-system","source":"k8s"},"provider":{"key":"provider","value":"stakater","source":"k8s"},"release":{"key":"release","value":"reloader","source":"k8s"},"version":{"key":"version","value":"v1.0.119","source":"k8s"}}},"Options":{"map":{"ConntrackAccounting":0,"ConntrackLocal":0,"Debug":0,"DebugLB":0,"DebugPolicy":0,"DropNotification":1,"MonitorAggregationLevel":3,"PolicyAccounting":1,"PolicyAuditMode":0,"PolicyVerdictNotification":1,"SourceIPVerification":1,"TraceNotification":1}},"DNSRules":{},"DNSRulesV2":{},"DNSHistory":[],"DNSZombies":{},"K8sPodName":"reloader-7fb44dcc5f-fmsxj","K8sNamespace":"kube-system","K8sUID":"9c0adc62-4c62-44a3-9bc1-9e248709b1cf","DatapathConfiguration":{"install-endpoint-route":true,"require-egress-prog":true,"require-routing":false},"CiliumEndpointUID":"1760963c-5de8-4f53-aa57-499063dc192e","Properties":{},"NetnsCookie":0}