{"ID":2180,"ContainerName":"","dockerID":"53f712c676b605b8398b68b966af17dd5e2a87c9e20028df7039c5f22b2036e6","DockerNetworkID":"","DockerEndpointID":"","IfName":"lxcefb5df718e0f","IfIndex":55,"ContainerIfName":"eth0","DisableLegacyIdentifiers":false,"OpLabels":{"Custom":{},"OrchestrationIdentity":{"app.kubernetes.io/component":{"key":"app.kubernetes.io/component","value":"system-upgrade-controller","source":"k8s"},"app.kubernetes.io/instance":{"key":"app.kubernetes.io/instance","value":"system-upgrade-controller","source":"k8s"},"app.kubernetes.io/name":{"key":"app.kubernetes.io/name","value":"system-upgrade-controller","source":"k8s"},"io.cilium.k8s.namespace.labels.kubernetes.io/metadata.name":{"key":"io.cilium.k8s.namespace.labels.kubernetes.io/metadata.name","value":"system-upgrade","source":"k8s"},"io.cilium.k8s.namespace.labels.kustomize.toolkit.fluxcd.io/name":{"key":"io.cilium.k8s.namespace.labels.kustomize.toolkit.fluxcd.io/name","value":"cluster-apps","source":"k8s"},"io.cilium.k8s.namespace.labels.kustomize.toolkit.fluxcd.io/namespace":{"key":"io.cilium.k8s.namespace.labels.kustomize.toolkit.fluxcd.io/namespace","value":"flux-system","source":"k8s"},"io.cilium.k8s.namespace.labels.kustomize.toolkit.fluxcd.io/prune":{"key":"io.cilium.k8s.namespace.labels.kustomize.toolkit.fluxcd.io/prune","value":"disabled","source":"k8s"},"io.cilium.k8s.policy.cluster":{"key":"io.cilium.k8s.policy.cluster","value":"home-storage","source":"k8s"},"io.cilium.k8s.policy.serviceaccount":{"key":"io.cilium.k8s.policy.serviceaccount","value":"system-upgrade","source":"k8s"},"io.kubernetes.pod.namespace":{"key":"io.kubernetes.pod.namespace","value":"system-upgrade","source":"k8s"}},"Disabled":{},"OrchestrationInfo":{"pod-template-hash":{"key":"pod-template-hash","value":"d67784b5b","source":"k8s"}}},"LXCMAC":"fa:f9:16:5a:ae:38","IPv6":"","IPv6IPAMPool":"","IPv4":"10.10.0.21","IPv4IPAMPool":"default","NodeMAC":"ee:39:66:a4:13:43","SecLabel":{"id":120519,"labels":{"app.kubernetes.io/component":{"key":"app.kubernetes.io/component","value":"system-upgrade-controller","source":"k8s"},"app.kubernetes.io/instance":{"key":"app.kubernetes.io/instance","value":"system-upgrade-controller","source":"k8s"},"app.kubernetes.io/name":{"key":"app.kubernetes.io/name","value":"system-upgrade-controller","source":"k8s"},"io.cilium.k8s.namespace.labels.kubernetes.io/metadata.name":{"key":"io.cilium.k8s.namespace.labels.kubernetes.io/metadata.name","value":"system-upgrade","source":"k8s"},"io.cilium.k8s.namespace.labels.kustomize.toolkit.fluxcd.io/name":{"key":"io.cilium.k8s.namespace.labels.kustomize.toolkit.fluxcd.io/name","value":"cluster-apps","source":"k8s"},"io.cilium.k8s.namespace.labels.kustomize.toolkit.fluxcd.io/namespace":{"key":"io.cilium.k8s.namespace.labels.kustomize.toolkit.fluxcd.io/namespace","value":"flux-system","source":"k8s"},"io.cilium.k8s.namespace.labels.kustomize.toolkit.fluxcd.io/prune":{"key":"io.cilium.k8s.namespace.labels.kustomize.toolkit.fluxcd.io/prune","value":"disabled","source":"k8s"},"io.cilium.k8s.policy.cluster":{"key":"io.cilium.k8s.policy.cluster","value":"home-storage","source":"k8s"},"io.cilium.k8s.policy.serviceaccount":{"key":"io.cilium.k8s.policy.serviceaccount","value":"system-upgrade","source":"k8s"},"io.kubernetes.pod.namespace":{"key":"io.kubernetes.pod.namespace","value":"system-upgrade","source":"k8s"}}},"Options":{"map":{"ConntrackAccounting":0,"ConntrackLocal":0,"Debug":0,"DebugLB":0,"DebugPolicy":0,"DropNotification":1,"MonitorAggregationLevel":3,"PolicyAccounting":1,"PolicyAuditMode":0,"PolicyVerdictNotification":1,"SourceIPVerification":1,"TraceNotification":1}},"DNSRules":{},"DNSRulesV2":{},"DNSHistory":[],"DNSZombies":{},"K8sPodName":"system-upgrade-controller-d67784b5b-4rw8c","K8sNamespace":"system-upgrade","K8sUID":"b3b066ac-3f83-4a5e-b724-3ddddc02ad85","DatapathConfiguration":{"install-endpoint-route":true,"require-egress-prog":true,"require-routing":false},"CiliumEndpointUID":"052039de-2bf1-40c1-aa14-9b2046c3bedb","Properties":{},"NetnsCookie":0}