{"ID":2611,"ContainerName":"","dockerID":"8703a93f14d7c8f4e97022030576f54c8f9e3c690ebb3a20b416a88994bf3000","DockerNetworkID":"","DockerEndpointID":"","IfName":"lxcb7c0ed9dd42e","IfIndex":59,"ContainerIfName":"eth0","DisableLegacyIdentifiers":false,"OpLabels":{"Custom":{},"OrchestrationIdentity":{"app":{"key":"app","value":"cainjector","source":"k8s"},"app.kubernetes.io/component":{"key":"app.kubernetes.io/component","value":"cainjector","source":"k8s"},"app.kubernetes.io/instance":{"key":"app.kubernetes.io/instance","value":"cert-manager","source":"k8s"},"app.kubernetes.io/managed-by":{"key":"app.kubernetes.io/managed-by","value":"Helm","source":"k8s"},"app.kubernetes.io/name":{"key":"app.kubernetes.io/name","value":"cainjector","source":"k8s"},"app.kubernetes.io/version":{"key":"app.kubernetes.io/version","value":"v1.15.1","source":"k8s"},"helm.sh/chart":{"key":"helm.sh/chart","value":"cert-manager-v1.15.1","source":"k8s"},"io.cilium.k8s.namespace.labels.kubernetes.io/metadata.name":{"key":"io.cilium.k8s.namespace.labels.kubernetes.io/metadata.name","value":"cert-manager","source":"k8s"},"io.cilium.k8s.namespace.labels.kustomize.toolkit.fluxcd.io/name":{"key":"io.cilium.k8s.namespace.labels.kustomize.toolkit.fluxcd.io/name","value":"cluster-apps","source":"k8s"},"io.cilium.k8s.namespace.labels.kustomize.toolkit.fluxcd.io/namespace":{"key":"io.cilium.k8s.namespace.labels.kustomize.toolkit.fluxcd.io/namespace","value":"flux-system","source":"k8s"},"io.cilium.k8s.namespace.labels.kustomize.toolkit.fluxcd.io/prune":{"key":"io.cilium.k8s.namespace.labels.kustomize.toolkit.fluxcd.io/prune","value":"disabled","source":"k8s"},"io.cilium.k8s.policy.cluster":{"key":"io.cilium.k8s.policy.cluster","value":"home-storage","source":"k8s"},"io.cilium.k8s.policy.serviceaccount":{"key":"io.cilium.k8s.policy.serviceaccount","value":"cert-manager-cainjector","source":"k8s"},"io.kubernetes.pod.namespace":{"key":"io.kubernetes.pod.namespace","value":"cert-manager","source":"k8s"}},"Disabled":{},"OrchestrationInfo":{"pod-template-hash":{"key":"pod-template-hash","value":"7477d56b47","source":"k8s"}}},"LXCMAC":"aa:c2:aa:b9:05:a9","IPv6":"","IPv6IPAMPool":"","IPv4":"10.10.0.142","IPv4IPAMPool":"default","NodeMAC":"86:d4:6d:77:25:b9","SecLabel":{"id":67967,"labels":{"app":{"key":"app","value":"cainjector","source":"k8s"},"app.kubernetes.io/component":{"key":"app.kubernetes.io/component","value":"cainjector","source":"k8s"},"app.kubernetes.io/instance":{"key":"app.kubernetes.io/instance","value":"cert-manager","source":"k8s"},"app.kubernetes.io/managed-by":{"key":"app.kubernetes.io/managed-by","value":"Helm","source":"k8s"},"app.kubernetes.io/name":{"key":"app.kubernetes.io/name","value":"cainjector","source":"k8s"},"app.kubernetes.io/version":{"key":"app.kubernetes.io/version","value":"v1.15.1","source":"k8s"},"helm.sh/chart":{"key":"helm.sh/chart","value":"cert-manager-v1.15.1","source":"k8s"},"io.cilium.k8s.namespace.labels.kubernetes.io/metadata.name":{"key":"io.cilium.k8s.namespace.labels.kubernetes.io/metadata.name","value":"cert-manager","source":"k8s"},"io.cilium.k8s.namespace.labels.kustomize.toolkit.fluxcd.io/name":{"key":"io.cilium.k8s.namespace.labels.kustomize.toolkit.fluxcd.io/name","value":"cluster-apps","source":"k8s"},"io.cilium.k8s.namespace.labels.kustomize.toolkit.fluxcd.io/namespace":{"key":"io.cilium.k8s.namespace.labels.kustomize.toolkit.fluxcd.io/namespace","value":"flux-system","source":"k8s"},"io.cilium.k8s.namespace.labels.kustomize.toolkit.fluxcd.io/prune":{"key":"io.cilium.k8s.namespace.labels.kustomize.toolkit.fluxcd.io/prune","value":"disabled","source":"k8s"},"io.cilium.k8s.policy.cluster":{"key":"io.cilium.k8s.policy.cluster","value":"home-storage","source":"k8s"},"io.cilium.k8s.policy.serviceaccount":{"key":"io.cilium.k8s.policy.serviceaccount","value":"cert-manager-cainjector","source":"k8s"},"io.kubernetes.pod.namespace":{"key":"io.kubernetes.pod.namespace","value":"cert-manager","source":"k8s"}}},"Options":{"map":{"ConntrackAccounting":0,"ConntrackLocal":0,"Debug":0,"DebugLB":0,"DebugPolicy":0,"DropNotification":1,"MonitorAggregationLevel":3,"PolicyAccounting":1,"PolicyAuditMode":0,"PolicyVerdictNotification":1,"SourceIPVerification":1,"TraceNotification":1}},"DNSRules":{},"DNSRulesV2":{},"DNSHistory":[],"DNSZombies":{},"K8sPodName":"cert-manager-cainjector-7477d56b47-p8h82","K8sNamespace":"cert-manager","K8sUID":"819bacc7-6bcf-4002-a466-a9b69abd29cf","DatapathConfiguration":{"install-endpoint-route":true,"require-egress-prog":true,"require-routing":false},"CiliumEndpointUID":"f2b7f6c0-5325-4f5c-906c-e0099efd254b","Properties":{},"NetnsCookie":0}