{"ID":1818,"ContainerName":"","dockerID":"51b3b24778dd780506075cb68fa3002d39a4c4eeb56cd4b03d654b73d417ea53","DockerNetworkID":"","DockerEndpointID":"","IfName":"lxcd458e6709d60","IfIndex":35,"ContainerIfName":"eth0","DisableLegacyIdentifiers":false,"OpLabels":{"Custom":{},"OrchestrationIdentity":{"app":{"key":"app","value":"cert-manager","source":"k8s"},"app.kubernetes.io/component":{"key":"app.kubernetes.io/component","value":"controller","source":"k8s"},"app.kubernetes.io/instance":{"key":"app.kubernetes.io/instance","value":"cert-manager","source":"k8s"},"app.kubernetes.io/managed-by":{"key":"app.kubernetes.io/managed-by","value":"Helm","source":"k8s"},"app.kubernetes.io/name":{"key":"app.kubernetes.io/name","value":"cert-manager","source":"k8s"},"app.kubernetes.io/version":{"key":"app.kubernetes.io/version","value":"v1.15.1","source":"k8s"},"helm.sh/chart":{"key":"helm.sh/chart","value":"cert-manager-v1.15.1","source":"k8s"},"io.cilium.k8s.namespace.labels.kubernetes.io/metadata.name":{"key":"io.cilium.k8s.namespace.labels.kubernetes.io/metadata.name","value":"cert-manager","source":"k8s"},"io.cilium.k8s.namespace.labels.kustomize.toolkit.fluxcd.io/name":{"key":"io.cilium.k8s.namespace.labels.kustomize.toolkit.fluxcd.io/name","value":"cluster-apps","source":"k8s"},"io.cilium.k8s.namespace.labels.kustomize.toolkit.fluxcd.io/namespace":{"key":"io.cilium.k8s.namespace.labels.kustomize.toolkit.fluxcd.io/namespace","value":"flux-system","source":"k8s"},"io.cilium.k8s.namespace.labels.kustomize.toolkit.fluxcd.io/prune":{"key":"io.cilium.k8s.namespace.labels.kustomize.toolkit.fluxcd.io/prune","value":"disabled","source":"k8s"},"io.cilium.k8s.policy.cluster":{"key":"io.cilium.k8s.policy.cluster","value":"home-storage","source":"k8s"},"io.cilium.k8s.policy.serviceaccount":{"key":"io.cilium.k8s.policy.serviceaccount","value":"cert-manager","source":"k8s"},"io.kubernetes.pod.namespace":{"key":"io.kubernetes.pod.namespace","value":"cert-manager","source":"k8s"}},"Disabled":{},"OrchestrationInfo":{"pod-template-hash":{"key":"pod-template-hash","value":"77cdc7956d","source":"k8s"}}},"LXCMAC":"7e:21:7b:67:fa:b7","IPv6":"","IPv6IPAMPool":"","IPv4":"10.10.0.51","IPv4IPAMPool":"default","NodeMAC":"fa:0c:0e:33:d9:dc","SecLabel":{"id":74727,"labels":{"app":{"key":"app","value":"cert-manager","source":"k8s"},"app.kubernetes.io/component":{"key":"app.kubernetes.io/component","value":"controller","source":"k8s"},"app.kubernetes.io/instance":{"key":"app.kubernetes.io/instance","value":"cert-manager","source":"k8s"},"app.kubernetes.io/managed-by":{"key":"app.kubernetes.io/managed-by","value":"Helm","source":"k8s"},"app.kubernetes.io/name":{"key":"app.kubernetes.io/name","value":"cert-manager","source":"k8s"},"app.kubernetes.io/version":{"key":"app.kubernetes.io/version","value":"v1.15.1","source":"k8s"},"helm.sh/chart":{"key":"helm.sh/chart","value":"cert-manager-v1.15.1","source":"k8s"},"io.cilium.k8s.namespace.labels.kubernetes.io/metadata.name":{"key":"io.cilium.k8s.namespace.labels.kubernetes.io/metadata.name","value":"cert-manager","source":"k8s"},"io.cilium.k8s.namespace.labels.kustomize.toolkit.fluxcd.io/name":{"key":"io.cilium.k8s.namespace.labels.kustomize.toolkit.fluxcd.io/name","value":"cluster-apps","source":"k8s"},"io.cilium.k8s.namespace.labels.kustomize.toolkit.fluxcd.io/namespace":{"key":"io.cilium.k8s.namespace.labels.kustomize.toolkit.fluxcd.io/namespace","value":"flux-system","source":"k8s"},"io.cilium.k8s.namespace.labels.kustomize.toolkit.fluxcd.io/prune":{"key":"io.cilium.k8s.namespace.labels.kustomize.toolkit.fluxcd.io/prune","value":"disabled","source":"k8s"},"io.cilium.k8s.policy.cluster":{"key":"io.cilium.k8s.policy.cluster","value":"home-storage","source":"k8s"},"io.cilium.k8s.policy.serviceaccount":{"key":"io.cilium.k8s.policy.serviceaccount","value":"cert-manager","source":"k8s"},"io.kubernetes.pod.namespace":{"key":"io.kubernetes.pod.namespace","value":"cert-manager","source":"k8s"}}},"Options":{"map":{"ConntrackAccounting":0,"ConntrackLocal":0,"Debug":0,"DebugLB":0,"DebugPolicy":0,"DropNotification":1,"MonitorAggregationLevel":3,"PolicyAccounting":1,"PolicyAuditMode":0,"PolicyVerdictNotification":1,"SourceIPVerification":1,"TraceNotification":1}},"DNSRules":{},"DNSRulesV2":{},"DNSHistory":[],"DNSZombies":{},"K8sPodName":"cert-manager-77cdc7956d-xj7vw","K8sNamespace":"cert-manager","K8sUID":"b3336091-979b-43e7-8149-16994be41781","DatapathConfiguration":{"install-endpoint-route":true,"require-egress-prog":true,"require-routing":false},"CiliumEndpointUID":"356f5160-0b82-45d6-af62-918dc6905a9a","Properties":{},"NetnsCookie":0}