{"ID":1372,"ContainerName":"","dockerID":"a23b10ba0a91b421056fc4d659093135aa4117387df18ffd1dcfabfbb3f6e5a2","DockerNetworkID":"","DockerEndpointID":"","IfName":"lxc3b052960bf39","IfIndex":43,"ContainerIfName":"eth0","DisableLegacyIdentifiers":false,"OpLabels":{"Custom":{"io.cilium.k8s.namespace.labels.app.kubernetes.io/instance":{"key":"io.cilium.k8s.namespace.labels.app.kubernetes.io/instance","value":"flux-system","source":"k8s"},"io.cilium.k8s.namespace.labels.app.kubernetes.io/part-of":{"key":"io.cilium.k8s.namespace.labels.app.kubernetes.io/part-of","value":"flux","source":"k8s"},"io.cilium.k8s.namespace.labels.app.kubernetes.io/version":{"key":"io.cilium.k8s.namespace.labels.app.kubernetes.io/version","value":"v2.3.0","source":"k8s"},"io.cilium.k8s.namespace.labels.pod-security.kubernetes.io/warn":{"key":"io.cilium.k8s.namespace.labels.pod-security.kubernetes.io/warn","value":"restricted","source":"k8s"},"io.cilium.k8s.namespace.labels.pod-security.kubernetes.io/warn-version":{"key":"io.cilium.k8s.namespace.labels.pod-security.kubernetes.io/warn-version","value":"latest","source":"k8s"}},"OrchestrationIdentity":{"app":{"key":"app","value":"image-reflector-controller","source":"k8s"},"io.cilium.k8s.namespace.labels.app.kubernetes.io/instance":{"key":"io.cilium.k8s.namespace.labels.app.kubernetes.io/instance","value":"flux-system","source":"k8s"},"io.cilium.k8s.namespace.labels.app.kubernetes.io/part-of":{"key":"io.cilium.k8s.namespace.labels.app.kubernetes.io/part-of","value":"flux","source":"k8s"},"io.cilium.k8s.namespace.labels.app.kubernetes.io/version":{"key":"io.cilium.k8s.namespace.labels.app.kubernetes.io/version","value":"v2.3.0","source":"k8s"},"io.cilium.k8s.namespace.labels.kubernetes.io/metadata.name":{"key":"io.cilium.k8s.namespace.labels.kubernetes.io/metadata.name","value":"flux-system","source":"k8s"},"io.cilium.k8s.namespace.labels.kustomize.toolkit.fluxcd.io/name":{"key":"io.cilium.k8s.namespace.labels.kustomize.toolkit.fluxcd.io/name","value":"flux","source":"k8s"},"io.cilium.k8s.namespace.labels.kustomize.toolkit.fluxcd.io/namespace":{"key":"io.cilium.k8s.namespace.labels.kustomize.toolkit.fluxcd.io/namespace","value":"flux-system","source":"k8s"},"io.cilium.k8s.namespace.labels.pod-security.kubernetes.io/warn":{"key":"io.cilium.k8s.namespace.labels.pod-security.kubernetes.io/warn","value":"restricted","source":"k8s"},"io.cilium.k8s.namespace.labels.pod-security.kubernetes.io/warn-version":{"key":"io.cilium.k8s.namespace.labels.pod-security.kubernetes.io/warn-version","value":"latest","source":"k8s"},"io.cilium.k8s.policy.cluster":{"key":"io.cilium.k8s.policy.cluster","value":"home-storage","source":"k8s"},"io.cilium.k8s.policy.serviceaccount":{"key":"io.cilium.k8s.policy.serviceaccount","value":"image-reflector-controller","source":"k8s"},"io.kubernetes.pod.namespace":{"key":"io.kubernetes.pod.namespace","value":"flux-system","source":"k8s"}},"Disabled":{},"OrchestrationInfo":{"pod-template-hash":{"key":"pod-template-hash","value":"65df777f5c","source":"k8s"}}},"LXCMAC":"76:42:43:0f:65:9c","IPv6":"","IPv6IPAMPool":"","IPv4":"10.10.0.40","IPv4IPAMPool":"default","NodeMAC":"32:aa:e4:e5:37:63","SecLabel":{"id":68728,"labels":{"app":{"key":"app","value":"image-reflector-controller","source":"k8s"},"io.cilium.k8s.namespace.labels.app.kubernetes.io/instance":{"key":"io.cilium.k8s.namespace.labels.app.kubernetes.io/instance","value":"flux-system","source":"k8s"},"io.cilium.k8s.namespace.labels.app.kubernetes.io/part-of":{"key":"io.cilium.k8s.namespace.labels.app.kubernetes.io/part-of","value":"flux","source":"k8s"},"io.cilium.k8s.namespace.labels.app.kubernetes.io/version":{"key":"io.cilium.k8s.namespace.labels.app.kubernetes.io/version","value":"v2.3.0","source":"k8s"},"io.cilium.k8s.namespace.labels.kubernetes.io/metadata.name":{"key":"io.cilium.k8s.namespace.labels.kubernetes.io/metadata.name","value":"flux-system","source":"k8s"},"io.cilium.k8s.namespace.labels.kustomize.toolkit.fluxcd.io/name":{"key":"io.cilium.k8s.namespace.labels.kustomize.toolkit.fluxcd.io/name","value":"flux","source":"k8s"},"io.cilium.k8s.namespace.labels.kustomize.toolkit.fluxcd.io/namespace":{"key":"io.cilium.k8s.namespace.labels.kustomize.toolkit.fluxcd.io/namespace","value":"flux-system","source":"k8s"},"io.cilium.k8s.namespace.labels.pod-security.kubernetes.io/warn":{"key":"io.cilium.k8s.namespace.labels.pod-security.kubernetes.io/warn","value":"restricted","source":"k8s"},"io.cilium.k8s.namespace.labels.pod-security.kubernetes.io/warn-version":{"key":"io.cilium.k8s.namespace.labels.pod-security.kubernetes.io/warn-version","value":"latest","source":"k8s"},"io.cilium.k8s.policy.cluster":{"key":"io.cilium.k8s.policy.cluster","value":"home-storage","source":"k8s"},"io.cilium.k8s.policy.serviceaccount":{"key":"io.cilium.k8s.policy.serviceaccount","value":"image-reflector-controller","source":"k8s"},"io.kubernetes.pod.namespace":{"key":"io.kubernetes.pod.namespace","value":"flux-system","source":"k8s"}}},"Options":{"map":{"ConntrackAccounting":0,"ConntrackLocal":0,"Debug":0,"DebugLB":0,"DebugPolicy":0,"DropNotification":1,"MonitorAggregationLevel":3,"PolicyAccounting":1,"PolicyAuditMode":0,"PolicyVerdictNotification":1,"SourceIPVerification":1,"TraceNotification":1}},"DNSRules":{},"DNSRulesV2":{},"DNSHistory":[],"DNSZombies":{},"K8sPodName":"image-reflector-controller-65df777f5c-bwn9d","K8sNamespace":"flux-system","K8sUID":"65ac5a4f-1c1c-4be9-973a-efbd4ac3aa2b","DatapathConfiguration":{"install-endpoint-route":true,"require-egress-prog":true,"require-routing":false},"CiliumEndpointUID":"63cb8cf6-68ac-4c82-84b6-adb31c59f2bf","Properties":{},"NetnsCookie":0}