{"ID":265,"ContainerName":"","dockerID":"8baec9537358188b833bf7589f6a5670cb260161145eec785c637826abb9dbaf","DockerNetworkID":"","DockerEndpointID":"","IfName":"lxc910004d47ea4","IfIndex":23,"ContainerIfName":"eth0","DisableLegacyIdentifiers":false,"OpLabels":{"Custom":{},"OrchestrationIdentity":{"app.kubernetes.io/component":{"key":"app.kubernetes.io/component","value":"echo-server","source":"k8s"},"app.kubernetes.io/instance":{"key":"app.kubernetes.io/instance","value":"echo-server","source":"k8s"},"app.kubernetes.io/name":{"key":"app.kubernetes.io/name","value":"echo-server","source":"k8s"},"io.cilium.k8s.namespace.labels.kubernetes.io/metadata.name":{"key":"io.cilium.k8s.namespace.labels.kubernetes.io/metadata.name","value":"network","source":"k8s"},"io.cilium.k8s.namespace.labels.kustomize.toolkit.fluxcd.io/name":{"key":"io.cilium.k8s.namespace.labels.kustomize.toolkit.fluxcd.io/name","value":"cluster-apps","source":"k8s"},"io.cilium.k8s.namespace.labels.kustomize.toolkit.fluxcd.io/namespace":{"key":"io.cilium.k8s.namespace.labels.kustomize.toolkit.fluxcd.io/namespace","value":"flux-system","source":"k8s"},"io.cilium.k8s.namespace.labels.kustomize.toolkit.fluxcd.io/prune":{"key":"io.cilium.k8s.namespace.labels.kustomize.toolkit.fluxcd.io/prune","value":"disabled","source":"k8s"},"io.cilium.k8s.policy.cluster":{"key":"io.cilium.k8s.policy.cluster","value":"home-storage","source":"k8s"},"io.cilium.k8s.policy.serviceaccount":{"key":"io.cilium.k8s.policy.serviceaccount","value":"default","source":"k8s"},"io.kubernetes.pod.namespace":{"key":"io.kubernetes.pod.namespace","value":"network","source":"k8s"}},"Disabled":{},"OrchestrationInfo":{"pod-template-hash":{"key":"pod-template-hash","value":"7975c47f84","source":"k8s"}}},"LXCMAC":"c2:3e:5d:ad:5f:87","IPv6":"","IPv6IPAMPool":"","IPv4":"10.10.0.137","IPv4IPAMPool":"default","NodeMAC":"fa:b0:b0:45:5c:d7","SecLabel":{"id":75356,"labels":{"app.kubernetes.io/component":{"key":"app.kubernetes.io/component","value":"echo-server","source":"k8s"},"app.kubernetes.io/instance":{"key":"app.kubernetes.io/instance","value":"echo-server","source":"k8s"},"app.kubernetes.io/name":{"key":"app.kubernetes.io/name","value":"echo-server","source":"k8s"},"io.cilium.k8s.namespace.labels.kubernetes.io/metadata.name":{"key":"io.cilium.k8s.namespace.labels.kubernetes.io/metadata.name","value":"network","source":"k8s"},"io.cilium.k8s.namespace.labels.kustomize.toolkit.fluxcd.io/name":{"key":"io.cilium.k8s.namespace.labels.kustomize.toolkit.fluxcd.io/name","value":"cluster-apps","source":"k8s"},"io.cilium.k8s.namespace.labels.kustomize.toolkit.fluxcd.io/namespace":{"key":"io.cilium.k8s.namespace.labels.kustomize.toolkit.fluxcd.io/namespace","value":"flux-system","source":"k8s"},"io.cilium.k8s.namespace.labels.kustomize.toolkit.fluxcd.io/prune":{"key":"io.cilium.k8s.namespace.labels.kustomize.toolkit.fluxcd.io/prune","value":"disabled","source":"k8s"},"io.cilium.k8s.policy.cluster":{"key":"io.cilium.k8s.policy.cluster","value":"home-storage","source":"k8s"},"io.cilium.k8s.policy.serviceaccount":{"key":"io.cilium.k8s.policy.serviceaccount","value":"default","source":"k8s"},"io.kubernetes.pod.namespace":{"key":"io.kubernetes.pod.namespace","value":"network","source":"k8s"}}},"Options":{"map":{"ConntrackAccounting":0,"ConntrackLocal":0,"Debug":0,"DebugLB":0,"DebugPolicy":0,"DropNotification":1,"MonitorAggregationLevel":3,"PolicyAccounting":1,"PolicyAuditMode":0,"PolicyVerdictNotification":1,"SourceIPVerification":1,"TraceNotification":1}},"DNSRules":{},"DNSRulesV2":{},"DNSHistory":[],"DNSZombies":{},"K8sPodName":"echo-server-7975c47f84-l9pfk","K8sNamespace":"network","K8sUID":"1527b7ec-9b5f-4a35-91ca-cf2faf07c46c","DatapathConfiguration":{"install-endpoint-route":true,"require-egress-prog":true,"require-routing":false},"CiliumEndpointUID":"b8fe9851-4612-4b9c-a17d-51a81a233f4f","Properties":{},"NetnsCookie":0}