{"ID":3601,"ContainerName":"","dockerID":"fb3736fbd7286be45955fa16b12ccd5f5e15537dd66305fbc4a25f2ccfc2e8ff","DockerNetworkID":"","DockerEndpointID":"","IfName":"lxcef0c82914670","IfIndex":31,"ContainerIfName":"eth0","DisableLegacyIdentifiers":false,"OpLabels":{"Custom":{"io.cilium.k8s.namespace.labels.app.kubernetes.io/instance":{"key":"io.cilium.k8s.namespace.labels.app.kubernetes.io/instance","value":"flux-system","source":"k8s"},"io.cilium.k8s.namespace.labels.app.kubernetes.io/part-of":{"key":"io.cilium.k8s.namespace.labels.app.kubernetes.io/part-of","value":"flux","source":"k8s"},"io.cilium.k8s.namespace.labels.app.kubernetes.io/version":{"key":"io.cilium.k8s.namespace.labels.app.kubernetes.io/version","value":"v2.3.0","source":"k8s"},"io.cilium.k8s.namespace.labels.pod-security.kubernetes.io/warn":{"key":"io.cilium.k8s.namespace.labels.pod-security.kubernetes.io/warn","value":"restricted","source":"k8s"},"io.cilium.k8s.namespace.labels.pod-security.kubernetes.io/warn-version":{"key":"io.cilium.k8s.namespace.labels.pod-security.kubernetes.io/warn-version","value":"latest","source":"k8s"}},"OrchestrationIdentity":{"app":{"key":"app","value":"notification-controller","source":"k8s"},"io.cilium.k8s.namespace.labels.app.kubernetes.io/instance":{"key":"io.cilium.k8s.namespace.labels.app.kubernetes.io/instance","value":"flux-system","source":"k8s"},"io.cilium.k8s.namespace.labels.app.kubernetes.io/part-of":{"key":"io.cilium.k8s.namespace.labels.app.kubernetes.io/part-of","value":"flux","source":"k8s"},"io.cilium.k8s.namespace.labels.app.kubernetes.io/version":{"key":"io.cilium.k8s.namespace.labels.app.kubernetes.io/version","value":"v2.3.0","source":"k8s"},"io.cilium.k8s.namespace.labels.kubernetes.io/metadata.name":{"key":"io.cilium.k8s.namespace.labels.kubernetes.io/metadata.name","value":"flux-system","source":"k8s"},"io.cilium.k8s.namespace.labels.kustomize.toolkit.fluxcd.io/name":{"key":"io.cilium.k8s.namespace.labels.kustomize.toolkit.fluxcd.io/name","value":"flux","source":"k8s"},"io.cilium.k8s.namespace.labels.kustomize.toolkit.fluxcd.io/namespace":{"key":"io.cilium.k8s.namespace.labels.kustomize.toolkit.fluxcd.io/namespace","value":"flux-system","source":"k8s"},"io.cilium.k8s.namespace.labels.pod-security.kubernetes.io/warn":{"key":"io.cilium.k8s.namespace.labels.pod-security.kubernetes.io/warn","value":"restricted","source":"k8s"},"io.cilium.k8s.namespace.labels.pod-security.kubernetes.io/warn-version":{"key":"io.cilium.k8s.namespace.labels.pod-security.kubernetes.io/warn-version","value":"latest","source":"k8s"},"io.cilium.k8s.policy.cluster":{"key":"io.cilium.k8s.policy.cluster","value":"home-storage","source":"k8s"},"io.cilium.k8s.policy.serviceaccount":{"key":"io.cilium.k8s.policy.serviceaccount","value":"notification-controller","source":"k8s"},"io.kubernetes.pod.namespace":{"key":"io.kubernetes.pod.namespace","value":"flux-system","source":"k8s"}},"Disabled":{},"OrchestrationInfo":{"pod-template-hash":{"key":"pod-template-hash","value":"685bdc466d","source":"k8s"}}},"LXCMAC":"26:0f:68:e5:ab:1a","IPv6":"","IPv6IPAMPool":"","IPv4":"10.10.0.88","IPv4IPAMPool":"default","NodeMAC":"96:86:cd:b0:3a:ac","SecLabel":{"id":103395,"labels":{"app":{"key":"app","value":"notification-controller","source":"k8s"},"io.cilium.k8s.namespace.labels.app.kubernetes.io/instance":{"key":"io.cilium.k8s.namespace.labels.app.kubernetes.io/instance","value":"flux-system","source":"k8s"},"io.cilium.k8s.namespace.labels.app.kubernetes.io/part-of":{"key":"io.cilium.k8s.namespace.labels.app.kubernetes.io/part-of","value":"flux","source":"k8s"},"io.cilium.k8s.namespace.labels.app.kubernetes.io/version":{"key":"io.cilium.k8s.namespace.labels.app.kubernetes.io/version","value":"v2.3.0","source":"k8s"},"io.cilium.k8s.namespace.labels.kubernetes.io/metadata.name":{"key":"io.cilium.k8s.namespace.labels.kubernetes.io/metadata.name","value":"flux-system","source":"k8s"},"io.cilium.k8s.namespace.labels.kustomize.toolkit.fluxcd.io/name":{"key":"io.cilium.k8s.namespace.labels.kustomize.toolkit.fluxcd.io/name","value":"flux","source":"k8s"},"io.cilium.k8s.namespace.labels.kustomize.toolkit.fluxcd.io/namespace":{"key":"io.cilium.k8s.namespace.labels.kustomize.toolkit.fluxcd.io/namespace","value":"flux-system","source":"k8s"},"io.cilium.k8s.namespace.labels.pod-security.kubernetes.io/warn":{"key":"io.cilium.k8s.namespace.labels.pod-security.kubernetes.io/warn","value":"restricted","source":"k8s"},"io.cilium.k8s.namespace.labels.pod-security.kubernetes.io/warn-version":{"key":"io.cilium.k8s.namespace.labels.pod-security.kubernetes.io/warn-version","value":"latest","source":"k8s"},"io.cilium.k8s.policy.cluster":{"key":"io.cilium.k8s.policy.cluster","value":"home-storage","source":"k8s"},"io.cilium.k8s.policy.serviceaccount":{"key":"io.cilium.k8s.policy.serviceaccount","value":"notification-controller","source":"k8s"},"io.kubernetes.pod.namespace":{"key":"io.kubernetes.pod.namespace","value":"flux-system","source":"k8s"}}},"Options":{"map":{"ConntrackAccounting":0,"ConntrackLocal":0,"Debug":0,"DebugLB":0,"DebugPolicy":0,"DropNotification":1,"MonitorAggregationLevel":3,"PolicyAccounting":1,"PolicyAuditMode":0,"PolicyVerdictNotification":1,"SourceIPVerification":1,"TraceNotification":1}},"DNSRules":{},"DNSRulesV2":{},"DNSHistory":[],"DNSZombies":{},"K8sPodName":"notification-controller-685bdc466d-kcqmc","K8sNamespace":"flux-system","K8sUID":"f52e8fa7-83f3-44d2-90b2-a6a7ec3d9af2","DatapathConfiguration":{"install-endpoint-route":true,"require-egress-prog":true,"require-routing":false},"CiliumEndpointUID":"0f7949c9-e53c-47c1-ac0a-0db1868bc40d","Properties":{},"NetnsCookie":0}