{"ID":745,"ContainerName":"","DockerNetworkID":"","DockerEndpointID":"","IfName":"cilium_host","IfIndex":0,"ContainerIfName":"","DisableLegacyIdentifiers":false,"OpLabels":{"Custom":{},"OrchestrationIdentity":{"host":{"key":"host","source":"reserved"},"node-role.kubernetes.io/control-plane":{"key":"node-role.kubernetes.io/control-plane","value":"true","source":"k8s"},"node-role.kubernetes.io/etcd":{"key":"node-role.kubernetes.io/etcd","value":"true","source":"k8s"},"node-role.kubernetes.io/master":{"key":"node-role.kubernetes.io/master","value":"true","source":"k8s"},"openebs.io/nodeid":{"key":"openebs.io/nodeid","value":"h1","source":"k8s"},"openebs.io/nodename":{"key":"openebs.io/nodename","value":"h1","source":"k8s"},"p2p.k3s.cattle.io/enabled":{"key":"p2p.k3s.cattle.io/enabled","value":"true","source":"k8s"},"plan.upgrade.cattle.io/controllers":{"key":"plan.upgrade.cattle.io/controllers","value":"a3f533021e792ff6d664f5d8e5c5b2e0bb1680ccdb03404f2c544f68","source":"k8s"}},"Disabled":{},"OrchestrationInfo":{"host":{"key":"host","source":"reserved"},"node-role.kubernetes.io/control-plane":{"key":"node-role.kubernetes.io/control-plane","value":"true","source":"k8s"},"node-role.kubernetes.io/etcd":{"key":"node-role.kubernetes.io/etcd","value":"true","source":"k8s"},"node-role.kubernetes.io/master":{"key":"node-role.kubernetes.io/master","value":"true","source":"k8s"},"openebs.io/nodeid":{"key":"openebs.io/nodeid","value":"h1","source":"k8s"},"openebs.io/nodename":{"key":"openebs.io/nodename","value":"h1","source":"k8s"},"p2p.k3s.cattle.io/enabled":{"key":"p2p.k3s.cattle.io/enabled","value":"true","source":"k8s"},"plan.upgrade.cattle.io/controllers":{"key":"plan.upgrade.cattle.io/controllers","value":"a3f533021e792ff6d664f5d8e5c5b2e0bb1680ccdb03404f2c544f68","source":"k8s"}}},"LXCMAC":"fe:d4:d7:ea:50:e6","IPv6":"","IPv6IPAMPool":"","IPv4":"","IPv4IPAMPool":"","NodeMAC":"fe:d4:d7:ea:50:e6","SecLabel":{"id":1,"labels":{"host":{"key":"host","source":"reserved"},"node-role.kubernetes.io/control-plane":{"key":"node-role.kubernetes.io/control-plane","value":"true","source":"k8s"},"node-role.kubernetes.io/etcd":{"key":"node-role.kubernetes.io/etcd","value":"true","source":"k8s"},"node-role.kubernetes.io/master":{"key":"node-role.kubernetes.io/master","value":"true","source":"k8s"},"openebs.io/nodeid":{"key":"openebs.io/nodeid","value":"h1","source":"k8s"},"openebs.io/nodename":{"key":"openebs.io/nodename","value":"h1","source":"k8s"},"p2p.k3s.cattle.io/enabled":{"key":"p2p.k3s.cattle.io/enabled","value":"true","source":"k8s"},"plan.upgrade.cattle.io/controllers":{"key":"plan.upgrade.cattle.io/controllers","value":"a3f533021e792ff6d664f5d8e5c5b2e0bb1680ccdb03404f2c544f68","source":"k8s"}}},"Options":{"map":{"ConntrackAccounting":0,"ConntrackLocal":0,"Debug":0,"DebugLB":0,"DebugPolicy":0,"DropNotification":1,"MonitorAggregationLevel":3,"PolicyAccounting":1,"PolicyAuditMode":0,"PolicyVerdictNotification":1,"SourceIPVerification":1,"TraceNotification":1}},"DNSRules":{},"DNSRulesV2":{},"DNSHistory":[],"DNSZombies":{},"K8sPodName":"","K8sNamespace":"","K8sUID":"","DatapathConfiguration":{"install-endpoint-route":true,"require-egress-prog":true,"require-routing":false},"CiliumEndpointUID":"","Properties":{},"NetnsCookie":0}