{"ID":2211,"ContainerName":"","dockerID":"2790e776e74f4ff76d7a82f10efb1e8a7ec23ff5cfbd91f5883aa190908ebfd8","DockerNetworkID":"","DockerEndpointID":"","IfName":"lxc4c920d1320f1","IfIndex":37,"ContainerIfName":"eth0","DisableLegacyIdentifiers":false,"OpLabels":{"Custom":{},"OrchestrationIdentity":{"app":{"key":"app","value":"webhook","source":"k8s"},"app.kubernetes.io/component":{"key":"app.kubernetes.io/component","value":"webhook","source":"k8s"},"app.kubernetes.io/instance":{"key":"app.kubernetes.io/instance","value":"cert-manager","source":"k8s"},"app.kubernetes.io/managed-by":{"key":"app.kubernetes.io/managed-by","value":"Helm","source":"k8s"},"app.kubernetes.io/name":{"key":"app.kubernetes.io/name","value":"webhook","source":"k8s"},"app.kubernetes.io/version":{"key":"app.kubernetes.io/version","value":"v1.15.1","source":"k8s"},"helm.sh/chart":{"key":"helm.sh/chart","value":"cert-manager-v1.15.1","source":"k8s"},"io.cilium.k8s.namespace.labels.kubernetes.io/metadata.name":{"key":"io.cilium.k8s.namespace.labels.kubernetes.io/metadata.name","value":"cert-manager","source":"k8s"},"io.cilium.k8s.namespace.labels.kustomize.toolkit.fluxcd.io/name":{"key":"io.cilium.k8s.namespace.labels.kustomize.toolkit.fluxcd.io/name","value":"cluster-apps","source":"k8s"},"io.cilium.k8s.namespace.labels.kustomize.toolkit.fluxcd.io/namespace":{"key":"io.cilium.k8s.namespace.labels.kustomize.toolkit.fluxcd.io/namespace","value":"flux-system","source":"k8s"},"io.cilium.k8s.namespace.labels.kustomize.toolkit.fluxcd.io/prune":{"key":"io.cilium.k8s.namespace.labels.kustomize.toolkit.fluxcd.io/prune","value":"disabled","source":"k8s"},"io.cilium.k8s.policy.cluster":{"key":"io.cilium.k8s.policy.cluster","value":"home-storage","source":"k8s"},"io.cilium.k8s.policy.serviceaccount":{"key":"io.cilium.k8s.policy.serviceaccount","value":"cert-manager-webhook","source":"k8s"},"io.kubernetes.pod.namespace":{"key":"io.kubernetes.pod.namespace","value":"cert-manager","source":"k8s"}},"Disabled":{},"OrchestrationInfo":{"pod-template-hash":{"key":"pod-template-hash","value":"6d5cb854fc","source":"k8s"}}},"LXCMAC":"da:40:07:7a:a0:ac","IPv6":"","IPv6IPAMPool":"","IPv4":"10.10.0.161","IPv4IPAMPool":"default","NodeMAC":"52:1f:77:b9:ac:46","SecLabel":{"id":73986,"labels":{"app":{"key":"app","value":"webhook","source":"k8s"},"app.kubernetes.io/component":{"key":"app.kubernetes.io/component","value":"webhook","source":"k8s"},"app.kubernetes.io/instance":{"key":"app.kubernetes.io/instance","value":"cert-manager","source":"k8s"},"app.kubernetes.io/managed-by":{"key":"app.kubernetes.io/managed-by","value":"Helm","source":"k8s"},"app.kubernetes.io/name":{"key":"app.kubernetes.io/name","value":"webhook","source":"k8s"},"app.kubernetes.io/version":{"key":"app.kubernetes.io/version","value":"v1.15.1","source":"k8s"},"helm.sh/chart":{"key":"helm.sh/chart","value":"cert-manager-v1.15.1","source":"k8s"},"io.cilium.k8s.namespace.labels.kubernetes.io/metadata.name":{"key":"io.cilium.k8s.namespace.labels.kubernetes.io/metadata.name","value":"cert-manager","source":"k8s"},"io.cilium.k8s.namespace.labels.kustomize.toolkit.fluxcd.io/name":{"key":"io.cilium.k8s.namespace.labels.kustomize.toolkit.fluxcd.io/name","value":"cluster-apps","source":"k8s"},"io.cilium.k8s.namespace.labels.kustomize.toolkit.fluxcd.io/namespace":{"key":"io.cilium.k8s.namespace.labels.kustomize.toolkit.fluxcd.io/namespace","value":"flux-system","source":"k8s"},"io.cilium.k8s.namespace.labels.kustomize.toolkit.fluxcd.io/prune":{"key":"io.cilium.k8s.namespace.labels.kustomize.toolkit.fluxcd.io/prune","value":"disabled","source":"k8s"},"io.cilium.k8s.policy.cluster":{"key":"io.cilium.k8s.policy.cluster","value":"home-storage","source":"k8s"},"io.cilium.k8s.policy.serviceaccount":{"key":"io.cilium.k8s.policy.serviceaccount","value":"cert-manager-webhook","source":"k8s"},"io.kubernetes.pod.namespace":{"key":"io.kubernetes.pod.namespace","value":"cert-manager","source":"k8s"}}},"Options":{"map":{"ConntrackAccounting":0,"ConntrackLocal":0,"Debug":0,"DebugLB":0,"DebugPolicy":0,"DropNotification":1,"MonitorAggregationLevel":3,"PolicyAccounting":1,"PolicyAuditMode":0,"PolicyVerdictNotification":1,"SourceIPVerification":1,"TraceNotification":1}},"DNSRules":{},"DNSRulesV2":{},"DNSHistory":[],"DNSZombies":{},"K8sPodName":"cert-manager-webhook-6d5cb854fc-gp94j","K8sNamespace":"cert-manager","K8sUID":"64714612-fc8f-4056-8a5e-637e5f1cb4b8","DatapathConfiguration":{"install-endpoint-route":true,"require-egress-prog":true,"require-routing":false},"CiliumEndpointUID":"69842cf5-678b-4b1a-bc04-28197319b215","Properties":{},"NetnsCookie":0}