{"ID":1130,"ContainerName":"","dockerID":"1f14dfc76f1ce17793a87a885528e15c28e3df2c7cc5f56a60d323325e40e316","DockerNetworkID":"","DockerEndpointID":"","IfName":"lxc2b284e5fe4ce","IfIndex":33,"ContainerIfName":"eth0","DisableLegacyIdentifiers":false,"OpLabels":{"Custom":{"io.cilium.k8s.namespace.labels.app.kubernetes.io/instance":{"key":"io.cilium.k8s.namespace.labels.app.kubernetes.io/instance","value":"flux-system","source":"k8s"},"io.cilium.k8s.namespace.labels.app.kubernetes.io/part-of":{"key":"io.cilium.k8s.namespace.labels.app.kubernetes.io/part-of","value":"flux","source":"k8s"},"io.cilium.k8s.namespace.labels.app.kubernetes.io/version":{"key":"io.cilium.k8s.namespace.labels.app.kubernetes.io/version","value":"v2.3.0","source":"k8s"},"io.cilium.k8s.namespace.labels.pod-security.kubernetes.io/warn":{"key":"io.cilium.k8s.namespace.labels.pod-security.kubernetes.io/warn","value":"restricted","source":"k8s"},"io.cilium.k8s.namespace.labels.pod-security.kubernetes.io/warn-version":{"key":"io.cilium.k8s.namespace.labels.pod-security.kubernetes.io/warn-version","value":"latest","source":"k8s"}},"OrchestrationIdentity":{"app":{"key":"app","value":"kustomize-controller","source":"k8s"},"io.cilium.k8s.namespace.labels.app.kubernetes.io/instance":{"key":"io.cilium.k8s.namespace.labels.app.kubernetes.io/instance","value":"flux-system","source":"k8s"},"io.cilium.k8s.namespace.labels.app.kubernetes.io/part-of":{"key":"io.cilium.k8s.namespace.labels.app.kubernetes.io/part-of","value":"flux","source":"k8s"},"io.cilium.k8s.namespace.labels.app.kubernetes.io/version":{"key":"io.cilium.k8s.namespace.labels.app.kubernetes.io/version","value":"v2.3.0","source":"k8s"},"io.cilium.k8s.namespace.labels.kubernetes.io/metadata.name":{"key":"io.cilium.k8s.namespace.labels.kubernetes.io/metadata.name","value":"flux-system","source":"k8s"},"io.cilium.k8s.namespace.labels.kustomize.toolkit.fluxcd.io/name":{"key":"io.cilium.k8s.namespace.labels.kustomize.toolkit.fluxcd.io/name","value":"flux","source":"k8s"},"io.cilium.k8s.namespace.labels.kustomize.toolkit.fluxcd.io/namespace":{"key":"io.cilium.k8s.namespace.labels.kustomize.toolkit.fluxcd.io/namespace","value":"flux-system","source":"k8s"},"io.cilium.k8s.namespace.labels.pod-security.kubernetes.io/warn":{"key":"io.cilium.k8s.namespace.labels.pod-security.kubernetes.io/warn","value":"restricted","source":"k8s"},"io.cilium.k8s.namespace.labels.pod-security.kubernetes.io/warn-version":{"key":"io.cilium.k8s.namespace.labels.pod-security.kubernetes.io/warn-version","value":"latest","source":"k8s"},"io.cilium.k8s.policy.cluster":{"key":"io.cilium.k8s.policy.cluster","value":"home-storage","source":"k8s"},"io.cilium.k8s.policy.serviceaccount":{"key":"io.cilium.k8s.policy.serviceaccount","value":"kustomize-controller","source":"k8s"},"io.kubernetes.pod.namespace":{"key":"io.kubernetes.pod.namespace","value":"flux-system","source":"k8s"}},"Disabled":{},"OrchestrationInfo":{"pod-template-hash":{"key":"pod-template-hash","value":"78b78bf57d","source":"k8s"}}},"LXCMAC":"fa:08:a7:ea:7f:23","IPv6":"","IPv6IPAMPool":"","IPv4":"10.10.0.180","IPv4IPAMPool":"default","NodeMAC":"da:f1:59:aa:ac:f7","SecLabel":{"id":77832,"labels":{"app":{"key":"app","value":"kustomize-controller","source":"k8s"},"io.cilium.k8s.namespace.labels.app.kubernetes.io/instance":{"key":"io.cilium.k8s.namespace.labels.app.kubernetes.io/instance","value":"flux-system","source":"k8s"},"io.cilium.k8s.namespace.labels.app.kubernetes.io/part-of":{"key":"io.cilium.k8s.namespace.labels.app.kubernetes.io/part-of","value":"flux","source":"k8s"},"io.cilium.k8s.namespace.labels.app.kubernetes.io/version":{"key":"io.cilium.k8s.namespace.labels.app.kubernetes.io/version","value":"v2.3.0","source":"k8s"},"io.cilium.k8s.namespace.labels.kubernetes.io/metadata.name":{"key":"io.cilium.k8s.namespace.labels.kubernetes.io/metadata.name","value":"flux-system","source":"k8s"},"io.cilium.k8s.namespace.labels.kustomize.toolkit.fluxcd.io/name":{"key":"io.cilium.k8s.namespace.labels.kustomize.toolkit.fluxcd.io/name","value":"flux","source":"k8s"},"io.cilium.k8s.namespace.labels.kustomize.toolkit.fluxcd.io/namespace":{"key":"io.cilium.k8s.namespace.labels.kustomize.toolkit.fluxcd.io/namespace","value":"flux-system","source":"k8s"},"io.cilium.k8s.namespace.labels.pod-security.kubernetes.io/warn":{"key":"io.cilium.k8s.namespace.labels.pod-security.kubernetes.io/warn","value":"restricted","source":"k8s"},"io.cilium.k8s.namespace.labels.pod-security.kubernetes.io/warn-version":{"key":"io.cilium.k8s.namespace.labels.pod-security.kubernetes.io/warn-version","value":"latest","source":"k8s"},"io.cilium.k8s.policy.cluster":{"key":"io.cilium.k8s.policy.cluster","value":"home-storage","source":"k8s"},"io.cilium.k8s.policy.serviceaccount":{"key":"io.cilium.k8s.policy.serviceaccount","value":"kustomize-controller","source":"k8s"},"io.kubernetes.pod.namespace":{"key":"io.kubernetes.pod.namespace","value":"flux-system","source":"k8s"}}},"Options":{"map":{"ConntrackAccounting":0,"ConntrackLocal":0,"Debug":0,"DebugLB":0,"DebugPolicy":0,"DropNotification":1,"MonitorAggregationLevel":3,"PolicyAccounting":1,"PolicyAuditMode":0,"PolicyVerdictNotification":1,"SourceIPVerification":1,"TraceNotification":1}},"DNSRules":{},"DNSRulesV2":{},"DNSHistory":[],"DNSZombies":{},"K8sPodName":"kustomize-controller-78b78bf57d-sx42s","K8sNamespace":"flux-system","K8sUID":"a212e8f6-0013-49e6-b00b-72a9e0031917","DatapathConfiguration":{"install-endpoint-route":true,"require-egress-prog":true,"require-routing":false},"CiliumEndpointUID":"d9e489d4-3e16-44cd-b457-8c220310e17e","Properties":{},"NetnsCookie":0}