{"ID":3129,"ContainerName":"","dockerID":"dea0caf55e0e86008a981773a33570200007fa96cc8668edeb44f84309376f33","DockerNetworkID":"","DockerEndpointID":"","IfName":"lxc02b3905a6dfb","IfIndex":17,"ContainerIfName":"eth0","DisableLegacyIdentifiers":false,"OpLabels":{"Custom":{"io.cilium.k8s.namespace.labels.app.kubernetes.io/instance":{"key":"io.cilium.k8s.namespace.labels.app.kubernetes.io/instance","value":"flux-system","source":"k8s"},"io.cilium.k8s.namespace.labels.app.kubernetes.io/part-of":{"key":"io.cilium.k8s.namespace.labels.app.kubernetes.io/part-of","value":"flux","source":"k8s"},"io.cilium.k8s.namespace.labels.app.kubernetes.io/version":{"key":"io.cilium.k8s.namespace.labels.app.kubernetes.io/version","value":"v2.3.0","source":"k8s"},"io.cilium.k8s.namespace.labels.pod-security.kubernetes.io/warn":{"key":"io.cilium.k8s.namespace.labels.pod-security.kubernetes.io/warn","value":"restricted","source":"k8s"},"io.cilium.k8s.namespace.labels.pod-security.kubernetes.io/warn-version":{"key":"io.cilium.k8s.namespace.labels.pod-security.kubernetes.io/warn-version","value":"latest","source":"k8s"}},"OrchestrationIdentity":{"app":{"key":"app","value":"image-automation-controller","source":"k8s"},"io.cilium.k8s.namespace.labels.app.kubernetes.io/instance":{"key":"io.cilium.k8s.namespace.labels.app.kubernetes.io/instance","value":"flux-system","source":"k8s"},"io.cilium.k8s.namespace.labels.app.kubernetes.io/part-of":{"key":"io.cilium.k8s.namespace.labels.app.kubernetes.io/part-of","value":"flux","source":"k8s"},"io.cilium.k8s.namespace.labels.app.kubernetes.io/version":{"key":"io.cilium.k8s.namespace.labels.app.kubernetes.io/version","value":"v2.3.0","source":"k8s"},"io.cilium.k8s.namespace.labels.kubernetes.io/metadata.name":{"key":"io.cilium.k8s.namespace.labels.kubernetes.io/metadata.name","value":"flux-system","source":"k8s"},"io.cilium.k8s.namespace.labels.kustomize.toolkit.fluxcd.io/name":{"key":"io.cilium.k8s.namespace.labels.kustomize.toolkit.fluxcd.io/name","value":"flux","source":"k8s"},"io.cilium.k8s.namespace.labels.kustomize.toolkit.fluxcd.io/namespace":{"key":"io.cilium.k8s.namespace.labels.kustomize.toolkit.fluxcd.io/namespace","value":"flux-system","source":"k8s"},"io.cilium.k8s.namespace.labels.pod-security.kubernetes.io/warn":{"key":"io.cilium.k8s.namespace.labels.pod-security.kubernetes.io/warn","value":"restricted","source":"k8s"},"io.cilium.k8s.namespace.labels.pod-security.kubernetes.io/warn-version":{"key":"io.cilium.k8s.namespace.labels.pod-security.kubernetes.io/warn-version","value":"latest","source":"k8s"},"io.cilium.k8s.policy.cluster":{"key":"io.cilium.k8s.policy.cluster","value":"home-storage","source":"k8s"},"io.cilium.k8s.policy.serviceaccount":{"key":"io.cilium.k8s.policy.serviceaccount","value":"image-automation-controller","source":"k8s"},"io.kubernetes.pod.namespace":{"key":"io.kubernetes.pod.namespace","value":"flux-system","source":"k8s"}},"Disabled":{},"OrchestrationInfo":{"pod-template-hash":{"key":"pod-template-hash","value":"79447887bb","source":"k8s"}}},"LXCMAC":"c2:67:f4:44:c5:24","IPv6":"","IPv6IPAMPool":"","IPv4":"10.10.0.83","IPv4IPAMPool":"default","NodeMAC":"9e:32:a3:f4:26:24","SecLabel":{"id":108192,"labels":{"app":{"key":"app","value":"image-automation-controller","source":"k8s"},"io.cilium.k8s.namespace.labels.app.kubernetes.io/instance":{"key":"io.cilium.k8s.namespace.labels.app.kubernetes.io/instance","value":"flux-system","source":"k8s"},"io.cilium.k8s.namespace.labels.app.kubernetes.io/part-of":{"key":"io.cilium.k8s.namespace.labels.app.kubernetes.io/part-of","value":"flux","source":"k8s"},"io.cilium.k8s.namespace.labels.app.kubernetes.io/version":{"key":"io.cilium.k8s.namespace.labels.app.kubernetes.io/version","value":"v2.3.0","source":"k8s"},"io.cilium.k8s.namespace.labels.kubernetes.io/metadata.name":{"key":"io.cilium.k8s.namespace.labels.kubernetes.io/metadata.name","value":"flux-system","source":"k8s"},"io.cilium.k8s.namespace.labels.kustomize.toolkit.fluxcd.io/name":{"key":"io.cilium.k8s.namespace.labels.kustomize.toolkit.fluxcd.io/name","value":"flux","source":"k8s"},"io.cilium.k8s.namespace.labels.kustomize.toolkit.fluxcd.io/namespace":{"key":"io.cilium.k8s.namespace.labels.kustomize.toolkit.fluxcd.io/namespace","value":"flux-system","source":"k8s"},"io.cilium.k8s.namespace.labels.pod-security.kubernetes.io/warn":{"key":"io.cilium.k8s.namespace.labels.pod-security.kubernetes.io/warn","value":"restricted","source":"k8s"},"io.cilium.k8s.namespace.labels.pod-security.kubernetes.io/warn-version":{"key":"io.cilium.k8s.namespace.labels.pod-security.kubernetes.io/warn-version","value":"latest","source":"k8s"},"io.cilium.k8s.policy.cluster":{"key":"io.cilium.k8s.policy.cluster","value":"home-storage","source":"k8s"},"io.cilium.k8s.policy.serviceaccount":{"key":"io.cilium.k8s.policy.serviceaccount","value":"image-automation-controller","source":"k8s"},"io.kubernetes.pod.namespace":{"key":"io.kubernetes.pod.namespace","value":"flux-system","source":"k8s"}}},"Options":{"map":{"ConntrackAccounting":0,"ConntrackLocal":0,"Debug":0,"DebugLB":0,"DebugPolicy":0,"DropNotification":1,"MonitorAggregationLevel":3,"PolicyAccounting":1,"PolicyAuditMode":0,"PolicyVerdictNotification":1,"SourceIPVerification":1,"TraceNotification":1}},"DNSRules":{},"DNSRulesV2":{},"DNSHistory":[],"DNSZombies":{},"K8sPodName":"image-automation-controller-79447887bb-45xt5","K8sNamespace":"flux-system","K8sUID":"f1ceb180-a9e5-4876-a1e9-c63b6ba46559","DatapathConfiguration":{"install-endpoint-route":true,"require-egress-prog":true,"require-routing":false},"CiliumEndpointUID":"e4165e2a-3471-437c-a476-a897b824686d","Properties":{},"NetnsCookie":0}