{"ID":889,"ContainerName":"","dockerID":"d994e72a82e4eb8e0b5b675639d6505c70c6201c9656591c3e089866dfc6c3fd","DockerNetworkID":"","DockerEndpointID":"","IfName":"lxcbadff7f8234a","IfIndex":29,"ContainerIfName":"eth0","DisableLegacyIdentifiers":false,"OpLabels":{"Custom":{},"OrchestrationIdentity":{"app.kubernetes.io/component":{"key":"app.kubernetes.io/component","value":"controller","source":"k8s"},"app.kubernetes.io/instance":{"key":"app.kubernetes.io/instance","value":"ingress-nginx-internal","source":"k8s"},"app.kubernetes.io/managed-by":{"key":"app.kubernetes.io/managed-by","value":"Helm","source":"k8s"},"app.kubernetes.io/name":{"key":"app.kubernetes.io/name","value":"ingress-nginx","source":"k8s"},"app.kubernetes.io/part-of":{"key":"app.kubernetes.io/part-of","value":"ingress-nginx","source":"k8s"},"app.kubernetes.io/version":{"key":"app.kubernetes.io/version","value":"1.11.1","source":"k8s"},"helm.sh/chart":{"key":"helm.sh/chart","value":"ingress-nginx-4.11.1","source":"k8s"},"io.cilium.k8s.namespace.labels.kubernetes.io/metadata.name":{"key":"io.cilium.k8s.namespace.labels.kubernetes.io/metadata.name","value":"network","source":"k8s"},"io.cilium.k8s.namespace.labels.kustomize.toolkit.fluxcd.io/name":{"key":"io.cilium.k8s.namespace.labels.kustomize.toolkit.fluxcd.io/name","value":"cluster-apps","source":"k8s"},"io.cilium.k8s.namespace.labels.kustomize.toolkit.fluxcd.io/namespace":{"key":"io.cilium.k8s.namespace.labels.kustomize.toolkit.fluxcd.io/namespace","value":"flux-system","source":"k8s"},"io.cilium.k8s.namespace.labels.kustomize.toolkit.fluxcd.io/prune":{"key":"io.cilium.k8s.namespace.labels.kustomize.toolkit.fluxcd.io/prune","value":"disabled","source":"k8s"},"io.cilium.k8s.policy.cluster":{"key":"io.cilium.k8s.policy.cluster","value":"home-storage","source":"k8s"},"io.cilium.k8s.policy.serviceaccount":{"key":"io.cilium.k8s.policy.serviceaccount","value":"ingress-nginx-internal","source":"k8s"},"io.kubernetes.pod.namespace":{"key":"io.kubernetes.pod.namespace","value":"network","source":"k8s"}},"Disabled":{},"OrchestrationInfo":{"pod-template-hash":{"key":"pod-template-hash","value":"5d8459498c","source":"k8s"}}},"LXCMAC":"ce:2d:41:e7:b1:a9","IPv6":"","IPv6IPAMPool":"","IPv4":"10.10.0.62","IPv4IPAMPool":"default","NodeMAC":"7e:9b:cc:42:b3:d1","SecLabel":{"id":124930,"labels":{"app.kubernetes.io/component":{"key":"app.kubernetes.io/component","value":"controller","source":"k8s"},"app.kubernetes.io/instance":{"key":"app.kubernetes.io/instance","value":"ingress-nginx-internal","source":"k8s"},"app.kubernetes.io/managed-by":{"key":"app.kubernetes.io/managed-by","value":"Helm","source":"k8s"},"app.kubernetes.io/name":{"key":"app.kubernetes.io/name","value":"ingress-nginx","source":"k8s"},"app.kubernetes.io/part-of":{"key":"app.kubernetes.io/part-of","value":"ingress-nginx","source":"k8s"},"app.kubernetes.io/version":{"key":"app.kubernetes.io/version","value":"1.11.1","source":"k8s"},"helm.sh/chart":{"key":"helm.sh/chart","value":"ingress-nginx-4.11.1","source":"k8s"},"io.cilium.k8s.namespace.labels.kubernetes.io/metadata.name":{"key":"io.cilium.k8s.namespace.labels.kubernetes.io/metadata.name","value":"network","source":"k8s"},"io.cilium.k8s.namespace.labels.kustomize.toolkit.fluxcd.io/name":{"key":"io.cilium.k8s.namespace.labels.kustomize.toolkit.fluxcd.io/name","value":"cluster-apps","source":"k8s"},"io.cilium.k8s.namespace.labels.kustomize.toolkit.fluxcd.io/namespace":{"key":"io.cilium.k8s.namespace.labels.kustomize.toolkit.fluxcd.io/namespace","value":"flux-system","source":"k8s"},"io.cilium.k8s.namespace.labels.kustomize.toolkit.fluxcd.io/prune":{"key":"io.cilium.k8s.namespace.labels.kustomize.toolkit.fluxcd.io/prune","value":"disabled","source":"k8s"},"io.cilium.k8s.policy.cluster":{"key":"io.cilium.k8s.policy.cluster","value":"home-storage","source":"k8s"},"io.cilium.k8s.policy.serviceaccount":{"key":"io.cilium.k8s.policy.serviceaccount","value":"ingress-nginx-internal","source":"k8s"},"io.kubernetes.pod.namespace":{"key":"io.kubernetes.pod.namespace","value":"network","source":"k8s"}}},"Options":{"map":{"ConntrackAccounting":0,"ConntrackLocal":0,"Debug":0,"DebugLB":0,"DebugPolicy":0,"DropNotification":1,"MonitorAggregationLevel":3,"PolicyAccounting":1,"PolicyAuditMode":0,"PolicyVerdictNotification":1,"SourceIPVerification":1,"TraceNotification":1}},"DNSRules":{},"DNSRulesV2":{},"DNSHistory":[],"DNSZombies":{},"K8sPodName":"ingress-nginx-internal-controller-5d8459498c-gz5jp","K8sNamespace":"network","K8sUID":"c2414fd0-90c7-4a11-8dd3-9d468fabbba7","DatapathConfiguration":{"install-endpoint-route":true,"require-egress-prog":true,"require-routing":false},"CiliumEndpointUID":"07870598-266e-4cb7-af28-4cec984904a1","Properties":{},"NetnsCookie":0}