{"ID":84,"ContainerName":"","dockerID":"0f35832e3a2178e726665c83e8836f58019980085ca7b89b3795b720f1b05550","DockerNetworkID":"","DockerEndpointID":"","IfName":"lxce316820ded76","IfIndex":41,"ContainerIfName":"eth0","DisableLegacyIdentifiers":false,"OpLabels":{"Custom":{"io.cilium.k8s.namespace.labels.app.kubernetes.io/instance":{"key":"io.cilium.k8s.namespace.labels.app.kubernetes.io/instance","value":"flux-system","source":"k8s"},"io.cilium.k8s.namespace.labels.app.kubernetes.io/part-of":{"key":"io.cilium.k8s.namespace.labels.app.kubernetes.io/part-of","value":"flux","source":"k8s"},"io.cilium.k8s.namespace.labels.app.kubernetes.io/version":{"key":"io.cilium.k8s.namespace.labels.app.kubernetes.io/version","value":"v2.3.0","source":"k8s"},"io.cilium.k8s.namespace.labels.pod-security.kubernetes.io/warn":{"key":"io.cilium.k8s.namespace.labels.pod-security.kubernetes.io/warn","value":"restricted","source":"k8s"},"io.cilium.k8s.namespace.labels.pod-security.kubernetes.io/warn-version":{"key":"io.cilium.k8s.namespace.labels.pod-security.kubernetes.io/warn-version","value":"latest","source":"k8s"}},"OrchestrationIdentity":{"app":{"key":"app","value":"source-controller","source":"k8s"},"io.cilium.k8s.namespace.labels.app.kubernetes.io/instance":{"key":"io.cilium.k8s.namespace.labels.app.kubernetes.io/instance","value":"flux-system","source":"k8s"},"io.cilium.k8s.namespace.labels.app.kubernetes.io/part-of":{"key":"io.cilium.k8s.namespace.labels.app.kubernetes.io/part-of","value":"flux","source":"k8s"},"io.cilium.k8s.namespace.labels.app.kubernetes.io/version":{"key":"io.cilium.k8s.namespace.labels.app.kubernetes.io/version","value":"v2.3.0","source":"k8s"},"io.cilium.k8s.namespace.labels.kubernetes.io/metadata.name":{"key":"io.cilium.k8s.namespace.labels.kubernetes.io/metadata.name","value":"flux-system","source":"k8s"},"io.cilium.k8s.namespace.labels.kustomize.toolkit.fluxcd.io/name":{"key":"io.cilium.k8s.namespace.labels.kustomize.toolkit.fluxcd.io/name","value":"flux","source":"k8s"},"io.cilium.k8s.namespace.labels.kustomize.toolkit.fluxcd.io/namespace":{"key":"io.cilium.k8s.namespace.labels.kustomize.toolkit.fluxcd.io/namespace","value":"flux-system","source":"k8s"},"io.cilium.k8s.namespace.labels.pod-security.kubernetes.io/warn":{"key":"io.cilium.k8s.namespace.labels.pod-security.kubernetes.io/warn","value":"restricted","source":"k8s"},"io.cilium.k8s.namespace.labels.pod-security.kubernetes.io/warn-version":{"key":"io.cilium.k8s.namespace.labels.pod-security.kubernetes.io/warn-version","value":"latest","source":"k8s"},"io.cilium.k8s.policy.cluster":{"key":"io.cilium.k8s.policy.cluster","value":"home-storage","source":"k8s"},"io.cilium.k8s.policy.serviceaccount":{"key":"io.cilium.k8s.policy.serviceaccount","value":"source-controller","source":"k8s"},"io.kubernetes.pod.namespace":{"key":"io.kubernetes.pod.namespace","value":"flux-system","source":"k8s"}},"Disabled":{},"OrchestrationInfo":{"pod-template-hash":{"key":"pod-template-hash","value":"7944c8d8b4","source":"k8s"}}},"LXCMAC":"22:3a:c1:42:03:3b","IPv6":"","IPv6IPAMPool":"","IPv4":"10.10.0.71","IPv4IPAMPool":"default","NodeMAC":"5a:3d:1f:73:56:44","SecLabel":{"id":97006,"labels":{"app":{"key":"app","value":"source-controller","source":"k8s"},"io.cilium.k8s.namespace.labels.app.kubernetes.io/instance":{"key":"io.cilium.k8s.namespace.labels.app.kubernetes.io/instance","value":"flux-system","source":"k8s"},"io.cilium.k8s.namespace.labels.app.kubernetes.io/part-of":{"key":"io.cilium.k8s.namespace.labels.app.kubernetes.io/part-of","value":"flux","source":"k8s"},"io.cilium.k8s.namespace.labels.app.kubernetes.io/version":{"key":"io.cilium.k8s.namespace.labels.app.kubernetes.io/version","value":"v2.3.0","source":"k8s"},"io.cilium.k8s.namespace.labels.kubernetes.io/metadata.name":{"key":"io.cilium.k8s.namespace.labels.kubernetes.io/metadata.name","value":"flux-system","source":"k8s"},"io.cilium.k8s.namespace.labels.kustomize.toolkit.fluxcd.io/name":{"key":"io.cilium.k8s.namespace.labels.kustomize.toolkit.fluxcd.io/name","value":"flux","source":"k8s"},"io.cilium.k8s.namespace.labels.kustomize.toolkit.fluxcd.io/namespace":{"key":"io.cilium.k8s.namespace.labels.kustomize.toolkit.fluxcd.io/namespace","value":"flux-system","source":"k8s"},"io.cilium.k8s.namespace.labels.pod-security.kubernetes.io/warn":{"key":"io.cilium.k8s.namespace.labels.pod-security.kubernetes.io/warn","value":"restricted","source":"k8s"},"io.cilium.k8s.namespace.labels.pod-security.kubernetes.io/warn-version":{"key":"io.cilium.k8s.namespace.labels.pod-security.kubernetes.io/warn-version","value":"latest","source":"k8s"},"io.cilium.k8s.policy.cluster":{"key":"io.cilium.k8s.policy.cluster","value":"home-storage","source":"k8s"},"io.cilium.k8s.policy.serviceaccount":{"key":"io.cilium.k8s.policy.serviceaccount","value":"source-controller","source":"k8s"},"io.kubernetes.pod.namespace":{"key":"io.kubernetes.pod.namespace","value":"flux-system","source":"k8s"}}},"Options":{"map":{"ConntrackAccounting":0,"ConntrackLocal":0,"Debug":0,"DebugLB":0,"DebugPolicy":0,"DropNotification":1,"MonitorAggregationLevel":3,"PolicyAccounting":1,"PolicyAuditMode":0,"PolicyVerdictNotification":1,"SourceIPVerification":1,"TraceNotification":1}},"DNSRules":{},"DNSRulesV2":{},"DNSHistory":[],"DNSZombies":{},"K8sPodName":"source-controller-7944c8d8b4-fm8bt","K8sNamespace":"flux-system","K8sUID":"1f182242-3df5-4cac-8a40-60d11db430e4","DatapathConfiguration":{"install-endpoint-route":true,"require-egress-prog":true,"require-routing":false},"CiliumEndpointUID":"654d4bfd-1b2e-4f0f-b30e-0501afadf2d2","Properties":{},"NetnsCookie":0}