{"ID":1730,"ContainerName":"","dockerID":"f51760bce9df39e0e5ba58c6f5d29d245fc732798bfd806aac28e4e095cc35e6","DockerNetworkID":"","DockerEndpointID":"","IfName":"lxca7a944ff01cc","IfIndex":63,"ContainerIfName":"eth0","DisableLegacyIdentifiers":false,"OpLabels":{"Custom":{},"OrchestrationIdentity":{"io.cilium.k8s.namespace.labels.kubernetes.io/metadata.name":{"key":"io.cilium.k8s.namespace.labels.kubernetes.io/metadata.name","value":"kube-system","source":"k8s"},"io.cilium.k8s.namespace.labels.kustomize.toolkit.fluxcd.io/name":{"key":"io.cilium.k8s.namespace.labels.kustomize.toolkit.fluxcd.io/name","value":"cluster-apps","source":"k8s"},"io.cilium.k8s.namespace.labels.kustomize.toolkit.fluxcd.io/namespace":{"key":"io.cilium.k8s.namespace.labels.kustomize.toolkit.fluxcd.io/namespace","value":"flux-system","source":"k8s"},"io.cilium.k8s.namespace.labels.kustomize.toolkit.fluxcd.io/prune":{"key":"io.cilium.k8s.namespace.labels.kustomize.toolkit.fluxcd.io/prune","value":"disabled","source":"k8s"},"io.cilium.k8s.policy.cluster":{"key":"io.cilium.k8s.policy.cluster","value":"home-storage","source":"k8s"},"io.cilium.k8s.policy.serviceaccount":{"key":"io.cilium.k8s.policy.serviceaccount","value":"coredns","source":"k8s"},"io.kubernetes.pod.namespace":{"key":"io.kubernetes.pod.namespace","value":"kube-system","source":"k8s"},"k8s-app":{"key":"k8s-app","value":"kube-dns","source":"k8s"}},"Disabled":{},"OrchestrationInfo":{"pod-template-hash":{"key":"pod-template-hash","value":"6799fbcd5","source":"k8s"}}},"LXCMAC":"32:0f:58:70:3e:a0","IPv6":"","IPv6IPAMPool":"","IPv4":"10.10.0.148","IPv4IPAMPool":"default","NodeMAC":"1a:1e:a2:8c:4a:e0","SecLabel":{"id":119669,"labels":{"io.cilium.k8s.namespace.labels.kubernetes.io/metadata.name":{"key":"io.cilium.k8s.namespace.labels.kubernetes.io/metadata.name","value":"kube-system","source":"k8s"},"io.cilium.k8s.namespace.labels.kustomize.toolkit.fluxcd.io/name":{"key":"io.cilium.k8s.namespace.labels.kustomize.toolkit.fluxcd.io/name","value":"cluster-apps","source":"k8s"},"io.cilium.k8s.namespace.labels.kustomize.toolkit.fluxcd.io/namespace":{"key":"io.cilium.k8s.namespace.labels.kustomize.toolkit.fluxcd.io/namespace","value":"flux-system","source":"k8s"},"io.cilium.k8s.namespace.labels.kustomize.toolkit.fluxcd.io/prune":{"key":"io.cilium.k8s.namespace.labels.kustomize.toolkit.fluxcd.io/prune","value":"disabled","source":"k8s"},"io.cilium.k8s.policy.cluster":{"key":"io.cilium.k8s.policy.cluster","value":"home-storage","source":"k8s"},"io.cilium.k8s.policy.serviceaccount":{"key":"io.cilium.k8s.policy.serviceaccount","value":"coredns","source":"k8s"},"io.kubernetes.pod.namespace":{"key":"io.kubernetes.pod.namespace","value":"kube-system","source":"k8s"},"k8s-app":{"key":"k8s-app","value":"kube-dns","source":"k8s"}}},"Options":{"map":{"ConntrackAccounting":0,"ConntrackLocal":0,"Debug":0,"DebugLB":0,"DebugPolicy":0,"DropNotification":1,"MonitorAggregationLevel":3,"PolicyAccounting":1,"PolicyAuditMode":0,"PolicyVerdictNotification":1,"SourceIPVerification":1,"TraceNotification":1}},"DNSRules":{},"DNSRulesV2":{},"DNSHistory":[],"DNSZombies":{},"K8sPodName":"coredns-6799fbcd5-nfdkr","K8sNamespace":"kube-system","K8sUID":"cd734368-ca17-41bd-81e7-85ea53015cf3","DatapathConfiguration":{"install-endpoint-route":true,"require-egress-prog":true,"require-routing":false},"CiliumEndpointUID":"29682e2e-5413-4af9-80dd-068d0acadb09","Properties":{},"NetnsCookie":0}