{"ID":1037,"ContainerName":"","dockerID":"09457963c6ce3395186ded9adf7f75b613621ba15811e400b9c0d56d1c57b05b","DockerNetworkID":"","DockerEndpointID":"","IfName":"lxce3e3ac922558","IfIndex":27,"ContainerIfName":"eth0","DisableLegacyIdentifiers":false,"OpLabels":{"Custom":{},"OrchestrationIdentity":{"app.kubernetes.io/instance":{"key":"app.kubernetes.io/instance","value":"k8s-gateway","source":"k8s"},"app.kubernetes.io/managed-by":{"key":"app.kubernetes.io/managed-by","value":"Helm","source":"k8s"},"app.kubernetes.io/name":{"key":"app.kubernetes.io/name","value":"k8s-gateway","source":"k8s"},"app.kubernetes.io/version":{"key":"app.kubernetes.io/version","value":"0.4.0","source":"k8s"},"helm.sh/chart":{"key":"helm.sh/chart","value":"k8s-gateway-2.4.0","source":"k8s"},"io.cilium.k8s.namespace.labels.kubernetes.io/metadata.name":{"key":"io.cilium.k8s.namespace.labels.kubernetes.io/metadata.name","value":"network","source":"k8s"},"io.cilium.k8s.namespace.labels.kustomize.toolkit.fluxcd.io/name":{"key":"io.cilium.k8s.namespace.labels.kustomize.toolkit.fluxcd.io/name","value":"cluster-apps","source":"k8s"},"io.cilium.k8s.namespace.labels.kustomize.toolkit.fluxcd.io/namespace":{"key":"io.cilium.k8s.namespace.labels.kustomize.toolkit.fluxcd.io/namespace","value":"flux-system","source":"k8s"},"io.cilium.k8s.namespace.labels.kustomize.toolkit.fluxcd.io/prune":{"key":"io.cilium.k8s.namespace.labels.kustomize.toolkit.fluxcd.io/prune","value":"disabled","source":"k8s"},"io.cilium.k8s.policy.cluster":{"key":"io.cilium.k8s.policy.cluster","value":"home-storage","source":"k8s"},"io.cilium.k8s.policy.serviceaccount":{"key":"io.cilium.k8s.policy.serviceaccount","value":"k8s-gateway","source":"k8s"},"io.kubernetes.pod.namespace":{"key":"io.kubernetes.pod.namespace","value":"network","source":"k8s"}},"Disabled":{},"OrchestrationInfo":{"pod-template-hash":{"key":"pod-template-hash","value":"67ff7c6b99","source":"k8s"}}},"LXCMAC":"0a:fd:15:1d:61:b4","IPv6":"","IPv6IPAMPool":"","IPv4":"10.10.0.29","IPv4IPAMPool":"default","NodeMAC":"06:7d:1c:9a:9d:f6","SecLabel":{"id":68187,"labels":{"app.kubernetes.io/instance":{"key":"app.kubernetes.io/instance","value":"k8s-gateway","source":"k8s"},"app.kubernetes.io/managed-by":{"key":"app.kubernetes.io/managed-by","value":"Helm","source":"k8s"},"app.kubernetes.io/name":{"key":"app.kubernetes.io/name","value":"k8s-gateway","source":"k8s"},"app.kubernetes.io/version":{"key":"app.kubernetes.io/version","value":"0.4.0","source":"k8s"},"helm.sh/chart":{"key":"helm.sh/chart","value":"k8s-gateway-2.4.0","source":"k8s"},"io.cilium.k8s.namespace.labels.kubernetes.io/metadata.name":{"key":"io.cilium.k8s.namespace.labels.kubernetes.io/metadata.name","value":"network","source":"k8s"},"io.cilium.k8s.namespace.labels.kustomize.toolkit.fluxcd.io/name":{"key":"io.cilium.k8s.namespace.labels.kustomize.toolkit.fluxcd.io/name","value":"cluster-apps","source":"k8s"},"io.cilium.k8s.namespace.labels.kustomize.toolkit.fluxcd.io/namespace":{"key":"io.cilium.k8s.namespace.labels.kustomize.toolkit.fluxcd.io/namespace","value":"flux-system","source":"k8s"},"io.cilium.k8s.namespace.labels.kustomize.toolkit.fluxcd.io/prune":{"key":"io.cilium.k8s.namespace.labels.kustomize.toolkit.fluxcd.io/prune","value":"disabled","source":"k8s"},"io.cilium.k8s.policy.cluster":{"key":"io.cilium.k8s.policy.cluster","value":"home-storage","source":"k8s"},"io.cilium.k8s.policy.serviceaccount":{"key":"io.cilium.k8s.policy.serviceaccount","value":"k8s-gateway","source":"k8s"},"io.kubernetes.pod.namespace":{"key":"io.kubernetes.pod.namespace","value":"network","source":"k8s"}}},"Options":{"map":{"ConntrackAccounting":0,"ConntrackLocal":0,"Debug":0,"DebugLB":0,"DebugPolicy":0,"DropNotification":1,"MonitorAggregationLevel":3,"PolicyAccounting":1,"PolicyAuditMode":0,"PolicyVerdictNotification":1,"SourceIPVerification":1,"TraceNotification":1}},"DNSRules":{},"DNSRulesV2":{},"DNSHistory":[],"DNSZombies":{},"K8sPodName":"k8s-gateway-67ff7c6b99-qbzzk","K8sNamespace":"network","K8sUID":"c39262bb-5abb-47e4-8a64-7f12c675d3b9","DatapathConfiguration":{"install-endpoint-route":true,"require-egress-prog":true,"require-routing":false},"CiliumEndpointUID":"99471bfd-cd69-4b35-bdcf-0f4dd356ed38","Properties":{},"NetnsCookie":0}